<?xml version="1.0" encoding="UTF-8"?>
<words><word><name>percentage</name><frequency>8.7E-4</frequency></word><word><name>river</name><frequency>8.7E-4</frequency></word><word><name>activity</name><frequency>9.8E-4</frequency></word><word><name>comment</name><frequency>7.6E-4</frequency></word><word><name>firm</name><frequency>0.00109</frequency></word><word><name>fine</name><frequency>7.6E-4</frequency></word><word><name>sold</name><frequency>8.7E-4</frequency></word><word><name>campus</name><frequency>8.7E-4</frequency></word><word><name>employees</name><frequency>0.00109</frequency></word><word><name>peter</name><frequency>8.7E-4</frequency></word><word><name>ruling</name><frequency>8.7E-4</frequency></word><word><name>german</name><frequency>0.00142</frequency></word><word><name>physical</name><frequency>9.8E-4</frequency></word><word><name>command</name><frequency>8.7E-4</frequency></word><word><name>fell</name><frequency>0.00131</frequency></word><word><name>terrible</name><frequency>0.00109</frequency></word><word><name>feed</name><frequency>7.6E-4</frequency></word><word><name>criticised</name><frequency>7.6E-4</frequency></word><word><name>promote</name><frequency>0.00109</frequency></word><word><name>harmony</name><frequency>7.6E-4</frequency></word><word><name>represents</name><frequency>9.8E-4</frequency></word><word><name>suicide</name><frequency>0.00131</frequency></word><word><name>shit</name><frequency>7.6E-4</frequency></word><word><name>fast</name><frequency>7.6E-4</frequency></word><word><name>names</name><frequency>0.00164</frequency></word><word><name>systems</name><frequency>0.00109</frequency></word><word><name>endorse</name><frequency>7.6E-4</frequency></word><word><name>fall</name><frequency>0.00109</frequency></word><word><name>fake</name><frequency>8.7E-4</frequency></word><word><name>reform</name><frequency>9.8E-4</frequency></word><word><name>sent</name><frequency>0.00164</frequency></word><word><name>sell</name><frequency>0.00109</frequency></word><word><name>sees</name><frequency>7.6E-4</frequency></word><word><name>seem</name><frequency>0.00164</frequency></word><word><name>seek</name><frequency>0.00153</frequency></word><word><name>seat</name><frequency>7.6E-4</frequency></word><word><name>explain</name><frequency>0.0012</frequency></word><word><name>proud</name><frequency>0.00109</frequency></word><word><name>probe</name><frequency>9.8E-4</frequency></word><word><name>unless</name><frequency>7.6E-4</frequency></word><word><name>obesity</name><frequency>0.0012</frequency></word><word><name>benefit</name><frequency>0.00109</frequency></word><word><name>honest</name><frequency>9.8E-4</frequency></word><word><name>addition</name><frequency>7.6E-4</frequency></word><word><name>save</name><frequency>7.6E-4</frequency></word><word><name>eyes</name><frequency>8.7E-4</frequency></word><word><name>passed</name><frequency>0.00164</frequency></word><word><name>exit</name><frequency>8.7E-4</frequency></word><word><name>hoped</name><frequency>0.0012</frequency></word><word><name>organizer</name><frequency>0.00109</frequency></word><word><name>organized</name><frequency>7.6E-4</frequency></word><word><name>price</name><frequency>9.8E-4</frequency></word><word><name>minute</name><frequency>0.00153</frequency></word><word><name>euro</name><frequency>0.00131</frequency></word><word><name>suggested</name><frequency>0.00164</frequency></word><word><name>science</name><frequency>0.00153</frequency></word><word><name>honor</name><frequency>0.00164</frequency></word><word><name>chairman</name><frequency>8.7E-4</frequency></word><word><name>personally</name><frequency>0.0012</frequency></word><word><name>claim</name><frequency>8.7E-4</frequency></word><word><name>anywhere</name><frequency>0.00109</frequency></word><word><name>officially</name><frequency>9.8E-4</frequency></word><word><name>direct</name><frequency>0.00142</frequency></word><word><name>contemporary</name><frequency>0.0012</frequency></word><word><name>evidence</name><frequency>0.00164</frequency></word><word><name>wherever</name><frequency>7.6E-4</frequency></word><word><name>waiting</name><frequency>0.00131</frequency></word><word><name>beginning</name><frequency>8.7E-4</frequency></word><word><name>suddenly</name><frequency>7.6E-4</frequency></word><word><name>establish</name><frequency>9.8E-4</frequency></word><word><name>defense</name><frequency>0.00164</frequency></word><word><name>consequences</name><frequency>8.7E-4</frequency></word><word><name>doctor</name><frequency>9.8E-4</frequency></word><word><name>struck</name><frequency>0.00131</frequency></word><word><name>runs</name><frequency>9.8E-4</frequency></word><word><name>rescue</name><frequency>7.6E-4</frequency></word><word><name>educators</name><frequency>8.7E-4</frequency></word><word><name>moment</name><frequency>0.00164</frequency></word><word><name>present</name><frequency>0.00109</frequency></word><word><name>knows</name><frequency>0.00109</frequency></word><word><name>rose</name><frequency>7.6E-4</frequency></word><word><name>roll</name><frequency>8.7E-4</frequency></word><word><name>rock</name><frequency>0.00142</frequency></word><word><name>road</name><frequency>0.00153</frequency></word><word><name>comprehensive</name><frequency>9.8E-4</frequency></word><word><name>promises</name><frequency>0.00153</frequency></word><word><name>promised</name><frequency>0.00109</frequency></word><word><name>agree</name><frequency>0.00131</frequency></word><word><name>awarded</name><frequency>0.00153</frequency></word><word><name>fourth</name><frequency>0.00164</frequency></word><word><name>medal</name><frequency>8.7E-4</frequency></word><word><name>strike</name><frequency>0.00153</frequency></word><word><name>rise</name><frequency>0.00109</frequency></word><word><name>becomes</name><frequency>0.00131</frequency></word><word><name>receiving</name><frequency>8.7E-4</frequency></word><word><name>guitar</name><frequency>0.00109</frequency></word><word><name>pushed</name><frequency>7.6E-4</frequency></word><word><name>claims</name><frequency>0.00153</frequency></word><word><name>confidence</name><frequency>8.7E-4</frequency></word><word><name>meant</name><frequency>0.00109</frequency></word><word><name>easy</name><frequency>0.00109</frequency></word><word><name>opening</name><frequency>8.7E-4</frequency></word><word><name>mentioned</name><frequency>0.00142</frequency></word><word><name>street</name><frequency>0.00153</frequency></word><word><name>rest</name><frequency>0.00153</frequency></word><word><name>relations</name><frequency>0.00142</frequency></word><word><name>reed</name><frequency>7.6E-4</frequency></word><word><name>itself</name><frequency>0.00164</frequency></word><word><name>controversial</name><frequency>8.7E-4</frequency></word><word><name>limited</name><frequency>0.0012</frequency></word><word><name>accident</name><frequency>0.0012</frequency></word><word><name>lines</name><frequency>7.6E-4</frequency></word><word><name>evacuated</name><frequency>8.7E-4</frequency></word><word><name>rate</name><frequency>8.7E-4</frequency></word><word><name>assessment</name><frequency>9.8E-4</frequency></word><word><name>rail</name><frequency>8.7E-4</frequency></word><word><name>ruled</name><frequency>0.00109</frequency></word><word><name>opposition</name><frequency>0.00164</frequency></word><word><name>liked</name><frequency>0.00109</frequency></word><word><name>success</name><frequency>0.0012</frequency></word><word><name>enterprise</name><frequency>7.6E-4</frequency></word><word><name>discussion</name><frequency>0.00142</frequency></word><word><name>meaning</name><frequency>8.7E-4</frequency></word><word><name>alternative</name><frequency>8.7E-4</frequency></word><word><name>duty</name><frequency>7.6E-4</frequency></word><word><name>testing</name><frequency>9.8E-4</frequency></word><word><name>rugby</name><frequency>0.00164</frequency></word><word><name>district</name><frequency>8.7E-4</frequency></word><word><name>light</name><frequency>0.00131</frequency></word><word><name>again</name><frequency>0.00164</frequency></word><word><name>totally</name><frequency>8.7E-4</frequency></word><word><name>common</name><frequency>0.00131</frequency></word><word><name>emails</name><frequency>8.7E-4</frequency></word><word><name>drop</name><frequency>0.00131</frequency></word><word><name>launch</name><frequency>0.00153</frequency></word><word><name>contact</name><frequency>7.6E-4</frequency></word><word><name>draw</name><frequency>0.0012</frequency></word><word><name>natural</name><frequency>0.00131</frequency></word><word><name>author</name><frequency>0.00142</frequency></word><word><name>facilities</name><frequency>7.6E-4</frequency></word><word><name>industrial</name><frequency>0.00164</frequency></word><word><name>gnostic</name><frequency>7.6E-4</frequency></word><word><name>door</name><frequency>7.6E-4</frequency></word><word><name>agenda</name><frequency>0.00109</frequency></word><word><name>agency</name><frequency>0.00153</frequency></word><word><name>primary</name><frequency>0.00164</frequency></word><word><name>absolute</name><frequency>8.7E-4</frequency></word><word><name>example</name><frequency>0.00131</frequency></word><word><name>earth</name><frequency>8.7E-4</frequency></word><word><name>spirit</name><frequency>7.6E-4</frequency></word><word><name>artists</name><frequency>9.8E-4</frequency></word><word><name>runners</name><frequency>8.7E-4</frequency></word><word><name>executive</name><frequency>0.0012</frequency></word><word><name>challenges</name><frequency>8.7E-4</frequency></word><word><name>parent</name><frequency>8.7E-4</frequency></word><word><name>changing</name><frequency>8.7E-4</frequency></word><word><name>envoy</name><frequency>8.7E-4</frequency></word><word><name>calendar</name><frequency>9.8E-4</frequency></word><word><name>except</name><frequency>8.7E-4</frequency></word><word><name>willing</name><frequency>0.0012</frequency></word><word><name>voter</name><frequency>0.00109</frequency></word><word><name>voted</name><frequency>8.7E-4</frequency></word><word><name>allegations</name><frequency>8.7E-4</frequency></word><word><name>enter</name><frequency>8.7E-4</frequency></word><word><name>spend</name><frequency>0.00142</frequency></word><word><name>conducted</name><frequency>7.6E-4</frequency></word><word><name>speed</name><frequency>8.7E-4</frequency></word><word><name>deep</name><frequency>7.6E-4</frequency></word><word><name>previously</name><frequency>0.00131</frequency></word><word><name>spokesman</name><frequency>0.00153</frequency></word><word><name>extreme</name><frequency>8.7E-4</frequency></word><word><name>telling</name><frequency>9.8E-4</frequency></word><word><name>damaged</name><frequency>9.8E-4</frequency></word><word><name>association</name><frequency>8.7E-4</frequency></word><word><name>date</name><frequency>0.0012</frequency></word><word><name>data</name><frequency>0.0012</frequency></word><word><name>starting</name><frequency>0.00164</frequency></word><word><name>anybody</name><frequency>0.0012</frequency></word><word><name>partner</name><frequency>0.00109</frequency></word><word><name>effort</name><frequency>7.6E-4</frequency></word><word><name>expand</name><frequency>7.6E-4</frequency></word><word><name>topics</name><frequency>7.6E-4</frequency></word><word><name>experiences</name><frequency>0.0012</frequency></word><word><name>experienced</name><frequency>7.6E-4</frequency></word><word><name>anyone</name><frequency>0.00164</frequency></word><word><name>trapped</name><frequency>8.7E-4</frequency></word><word><name>article</name><frequency>7.6E-4</frequency></word><word><name>personnel</name><frequency>0.00109</frequency></word><word><name>incumbent</name><frequency>7.6E-4</frequency></word><word><name>reporting</name><frequency>0.00109</frequency></word><word><name>providing</name><frequency>8.7E-4</frequency></word><word><name>basic</name><frequency>0.00142</frequency></word><word><name>appear</name><frequency>0.00142</frequency></word><word><name>fired</name><frequency>0.00109</frequency></word><word><name>constitution</name><frequency>0.00164</frequency></word><word><name>brings</name><frequency>9.8E-4</frequency></word><word><name>somewhere</name><frequency>8.7E-4</frequency></word><word><name>suspected</name><frequency>7.6E-4</frequency></word><word><name>opinions</name><frequency>7.6E-4</frequency></word><word><name>throwing</name><frequency>9.8E-4</frequency></word><word><name>sound</name><frequency>0.00131</frequency></word><word><name>bowery</name><frequency>0.00131</frequency></word><word><name>cuts</name><frequency>0.00109</frequency></word><word><name>lunar</name><frequency>9.8E-4</frequency></word><word><name>entered</name><frequency>0.00109</frequency></word><word><name>grant</name><frequency>0.00109</frequency></word><word><name>effect</name><frequency>9.8E-4</frequency></word><word><name>bands</name><frequency>0.0012</frequency></word><word><name>prefer</name><frequency>0.00109</frequency></word><word><name>straight</name><frequency>7.6E-4</frequency></word><word><name>filed</name><frequency>7.6E-4</frequency></word><word><name>crew</name><frequency>9.8E-4</frequency></word><word><name>individuals</name><frequency>0.00164</frequency></word><word><name>twenty</name><frequency>0.0012</frequency></word><word><name>writer</name><frequency>0.0012</frequency></word><word><name>push</name><frequency>0.00164</frequency></word><word><name>cold</name><frequency>0.0012</frequency></word><word><name>dungeon</name><frequency>9.8E-4</frequency></word><word><name>pull</name><frequency>0.00153</frequency></word><word><name>multiple</name><frequency>7.6E-4</frequency></word><word><name>happening</name><frequency>0.00109</frequency></word><word><name>solve</name><frequency>7.6E-4</frequency></word><word><name>solar</name><frequency>0.00153</frequency></word><word><name>fifth</name><frequency>8.7E-4</frequency></word><word><name>club</name><frequency>9.8E-4</frequency></word><word><name>field</name><frequency>0.00131</frequency></word><word><name>showcase</name><frequency>8.7E-4</frequency></word><word><name>positive</name><frequency>0.00109</frequency></word><word><name>tunnel</name><frequency>7.6E-4</frequency></word><word><name>lucky</name><frequency>9.8E-4</frequency></word><word><name>drive</name><frequency>0.00131</frequency></word><word><name>latest</name><frequency>0.00153</frequency></word><word><name>signing</name><frequency>7.6E-4</frequency></word><word><name>beautiful</name><frequency>0.00142</frequency></word><word><name>unique</name><frequency>9.8E-4</frequency></word><word><name>post</name><frequency>0.00153</frequency></word><word><name>language</name><frequency>9.8E-4</frequency></word><word><name>poor</name><frequency>0.00142</frequency></word><word><name>pool</name><frequency>0.00109</frequency></word><word><name>figure</name><frequency>0.00131</frequency></word><word><name>damage</name><frequency>8.7E-4</frequency></word><word><name>cited</name><frequency>0.00153</frequency></word><word><name>firefighters</name><frequency>9.8E-4</frequency></word><word><name>numbers</name><frequency>9.8E-4</frequency></word><word><name>driving</name><frequency>0.00131</frequency></word><word><name>cent</name><frequency>0.00109</frequency></word><word><name>dream</name><frequency>0.00153</frequency></word><word><name>quarterback</name><frequency>8.7E-4</frequency></word><word><name>sitting</name><frequency>0.00131</frequency></word><word><name>sober</name><frequency>7.6E-4</frequency></word><word><name>drivers</name><frequency>0.00109</frequency></word><word><name>pick</name><frequency>9.8E-4</frequency></word><word><name>generally</name><frequency>0.00131</frequency></word><word><name>liberty</name><frequency>0.0012</frequency></word><word><name>struggling</name><frequency>7.6E-4</frequency></word><word><name>drawn</name><frequency>7.6E-4</frequency></word><word><name>management</name><frequency>0.0012</frequency></word><word><name>degree</name><frequency>9.8E-4</frequency></word><word><name>violence</name><frequency>0.00153</frequency></word><word><name>residents</name><frequency>0.0012</frequency></word><word><name>ambush</name><frequency>8.7E-4</frequency></word><word><name>eliminate</name><frequency>8.7E-4</frequency></word><word><name>reasonable</name><frequency>9.8E-4</frequency></word><word><name>peacekeeping</name><frequency>0.0012</frequency></word><word><name>representative</name><frequency>0.00142</frequency></word><word><name>closing</name><frequency>8.7E-4</frequency></word><word><name>paul</name><frequency>9.8E-4</frequency></word><word><name>pass</name><frequency>0.00153</frequency></word><word><name>paid</name><frequency>0.00153</frequency></word><word><name>blackwater</name><frequency>0.0012</frequency></word><word><name>polls</name><frequency>0.00142</frequency></word><word><name>designed</name><frequency>8.7E-4</frequency></word><word><name>choices</name><frequency>0.00109</frequency></word><word><name>strengthen</name><frequency>7.6E-4</frequency></word><word><name>fellow</name><frequency>0.00109</frequency></word><word><name>adding</name><frequency>0.00109</frequency></word><word><name>twice</name><frequency>7.6E-4</frequency></word><word><name>carrying</name><frequency>0.00164</frequency></word><word><name>winds</name><frequency>8.7E-4</frequency></word><word><name>consecutive</name><frequency>0.00109</frequency></word><word><name>burn</name><frequency>8.7E-4</frequency></word><word><name>assembly</name><frequency>0.00142</frequency></word><word><name>landing</name><frequency>0.0012</frequency></word><word><name>announcement</name><frequency>0.00131</frequency></word><word><name>younger</name><frequency>0.00109</frequency></word><word><name>investment</name><frequency>9.8E-4</frequency></word><word><name>accused</name><frequency>0.00153</frequency></word><word><name>dealing</name><frequency>7.6E-4</frequency></word><word><name>breasts</name><frequency>7.6E-4</frequency></word><word><name>movie</name><frequency>8.7E-4</frequency></word><word><name>moved</name><frequency>9.8E-4</frequency></word><word><name>served</name><frequency>0.0012</frequency></word><word><name>born</name><frequency>0.00131</frequency></word><word><name>funny</name><frequency>0.0012</frequency></word><word><name>funds</name><frequency>0.00109</frequency></word><word><name>statute</name><frequency>7.6E-4</frequency></word><word><name>seemed</name><frequency>0.00109</frequency></word><word><name>fully</name><frequency>0.0012</frequency></word><word><name>blue</name><frequency>0.00131</frequency></word><word><name>moral</name><frequency>0.0012</frequency></word><word><name>blow</name><frequency>0.00142</frequency></word><word><name>refused</name><frequency>9.8E-4</frequency></word><word><name>secured</name><frequency>7.6E-4</frequency></word><word><name>winning</name><frequency>0.00164</frequency></word><word><name>month</name><frequency>0.0012</frequency></word><word><name>title</name><frequency>7.6E-4</frequency></word><word><name>removed</name><frequency>9.8E-4</frequency></word><word><name>seeing</name><frequency>0.00153</frequency></word><word><name>adult</name><frequency>7.6E-4</frequency></word><word><name>onto</name><frequency>0.0012</frequency></word><word><name>pressure</name><frequency>0.00131</frequency></word><word><name>ones</name><frequency>9.8E-4</frequency></word><word><name>parts</name><frequency>0.0012</frequency></word><word><name>tired</name><frequency>9.8E-4</frequency></word><word><name>wanting</name><frequency>8.7E-4</frequency></word><word><name>winners</name><frequency>9.8E-4</frequency></word><word><name>bell</name><frequency>0.00142</frequency></word><word><name>bear</name><frequency>8.7E-4</frequency></word><word><name>paper</name><frequency>7.6E-4</frequency></word><word><name>beaten</name><frequency>7.6E-4</frequency></word><word><name>humanity</name><frequency>0.00109</frequency></word><word><name>keeping</name><frequency>7.6E-4</frequency></word><word><name>participated</name><frequency>0.00109</frequency></word><word><name>urban</name><frequency>7.6E-4</frequency></word><word><name>chose</name><frequency>7.6E-4</frequency></word><word><name>amazon</name><frequency>7.6E-4</frequency></word><word><name>misconduct</name><frequency>0.00109</frequency></word><word><name>panel</name><frequency>7.6E-4</frequency></word><word><name>nimrod</name><frequency>8.7E-4</frequency></word><word><name>bang</name><frequency>0.00131</frequency></word><word><name>station</name><frequency>9.8E-4</frequency></word><word><name>model</name><frequency>8.7E-4</frequency></word><word><name>writers</name><frequency>0.00109</frequency></word><word><name>putting</name><frequency>8.7E-4</frequency></word><word><name>participants</name><frequency>0.00164</frequency></word><word><name>participate</name><frequency>0.00131</frequency></word><word><name>mayor</name><frequency>9.8E-4</frequency></word><word><name>arrest</name><frequency>8.7E-4</frequency></word><word><name>businesses</name><frequency>0.00142</frequency></word><word><name>stayed</name><frequency>9.8E-4</frequency></word><word><name>entire</name><frequency>0.00142</frequency></word><word><name>forget</name><frequency>8.7E-4</frequency></word><word><name>concerns</name><frequency>9.8E-4</frequency></word><word><name>associated</name><frequency>9.8E-4</frequency></word><word><name>bought</name><frequency>0.00109</frequency></word><word><name>engage</name><frequency>8.7E-4</frequency></word><word><name>western</name><frequency>0.00153</frequency></word><word><name>legendary</name><frequency>9.8E-4</frequency></word><word><name>rebel</name><frequency>0.00142</frequency></word><word><name>rebels</name><frequency>0.00164</frequency></word><word><name>gotten</name><frequency>8.7E-4</frequency></word><word><name>products</name><frequency>9.8E-4</frequency></word><word><name>affairs</name><frequency>0.00153</frequency></word><word><name>ready</name><frequency>8.7E-4</frequency></word><word><name>reach</name><frequency>0.00164</frequency></word><word><name>founder</name><frequency>0.00109</frequency></word><word><name>founded</name><frequency>0.00131</frequency></word><word><name>narrative</name><frequency>9.8E-4</frequency></word><word><name>chase</name><frequency>7.6E-4</frequency></word><word><name>facing</name><frequency>7.6E-4</frequency></word><word><name>chair</name><frequency>7.6E-4</frequency></word><word><name>chain</name><frequency>7.6E-4</frequency></word><word><name>asks</name><frequency>7.6E-4</frequency></word><word><name>appeared</name><frequency>7.6E-4</frequency></word><word><name>scheduled</name><frequency>0.00164</frequency></word><word><name>march</name><frequency>0.00109</frequency></word><word><name>talked</name><frequency>7.6E-4</frequency></word><word><name>defeat</name><frequency>9.8E-4</frequency></word><word><name>accountability</name><frequency>9.8E-4</frequency></word><word><name>desire</name><frequency>0.00142</frequency></word><word><name>design</name><frequency>7.6E-4</frequency></word><word><name>torture</name><frequency>8.7E-4</frequency></word><word><name>themselves</name><frequency>0.00164</frequency></word><word><name>invited</name><frequency>0.00131</frequency></word><word><name>stands</name><frequency>8.7E-4</frequency></word><word><name>burning</name><frequency>9.8E-4</frequency></word><word><name>crisis</name><frequency>7.6E-4</frequency></word><word><name>warning</name><frequency>0.0012</frequency></word><word><name>alan</name><frequency>8.7E-4</frequency></word><word><name>successful</name><frequency>0.00131</frequency></word><word><name>becoming</name><frequency>0.00131</frequency></word><word><name>husband</name><frequency>7.6E-4</frequency></word><word><name>moving</name><frequency>0.00142</frequency></word><word><name>location</name><frequency>9.8E-4</frequency></word><word><name>awareness</name><frequency>9.8E-4</frequency></word><word><name>actual</name><frequency>9.8E-4</frequency></word><word><name>none</name><frequency>7.6E-4</frequency></word><word><name>speaking</name><frequency>0.00153</frequency></word><word><name>garuda</name><frequency>0.00153</frequency></word><word><name>represent</name><frequency>0.00153</frequency></word><word><name>seeking</name><frequency>7.6E-4</frequency></word><word><name>destroyed</name><frequency>7.6E-4</frequency></word><word><name>quarter</name><frequency>0.0012</frequency></word><word><name>finding</name><frequency>0.0012</frequency></word><word><name>throw</name><frequency>7.6E-4</frequency></word><word><name>ages</name><frequency>7.6E-4</frequency></word><word><name>aged</name><frequency>7.6E-4</frequency></word><word><name>dollars</name><frequency>0.00142</frequency></word><word><name>lewis</name><frequency>0.00109</frequency></word><word><name>immediately</name><frequency>0.0012</frequency></word><word><name>civilians</name><frequency>0.00142</frequency></word><word><name>criticism</name><frequency>9.8E-4</frequency></word><word><name>competition</name><frequency>9.8E-4</frequency></word><word><name>nine</name><frequency>0.00164</frequency></word><word><name>nice</name><frequency>0.00131</frequency></word><word><name>remains</name><frequency>7.6E-4</frequency></word><word><name>gonna</name><frequency>0.00131</frequency></word><word><name>animal</name><frequency>0.00109</frequency></word><word><name>journalist</name><frequency>7.6E-4</frequency></word><word><name>journalism</name><frequency>0.0012</frequency></word><word><name>blast</name><frequency>9.8E-4</frequency></word><word><name>suspended</name><frequency>7.6E-4</frequency></word><word><name>introduce</name><frequency>7.6E-4</frequency></word><word><name>dollar</name><frequency>9.8E-4</frequency></word><word><name>distance</name><frequency>7.6E-4</frequency></word><word><name>clients</name><frequency>0.00142</frequency></word><word><name>reactor</name><frequency>9.8E-4</frequency></word><word><name>liberation</name><frequency>7.6E-4</frequency></word><word><name>critical</name><frequency>0.00153</frequency></word><word><name>discrimination</name><frequency>0.00142</frequency></word><word><name>active</name><frequency>9.8E-4</frequency></word><word><name>proven</name><frequency>8.7E-4</frequency></word><word><name>proved</name><frequency>8.7E-4</frequency></word><word><name>throughout</name><frequency>0.00164</frequency></word><word><name>concern</name><frequency>0.00153</frequency></word><word><name>supposed</name><frequency>0.00142</frequency></word><word><name>supports</name><frequency>8.7E-4</frequency></word><word><name>losing</name><frequency>0.00131</frequency></word><word><name>issued</name><frequency>0.00131</frequency></word><word><name>navy</name><frequency>0.00109</frequency></word><word><name>secretary</name><frequency>0.00131</frequency></word><word><name>platform</name><frequency>8.7E-4</frequency></word><word><name>james</name><frequency>0.00131</frequency></word><word><name>caught</name><frequency>0.00153</frequency></word><word><name>returns</name><frequency>8.7E-4</frequency></word><word><name>attempted</name><frequency>9.8E-4</frequency></word><word><name>proper</name><frequency>0.0012</frequency></word><word><name>originally</name><frequency>0.00109</frequency></word><word><name>material</name><frequency>8.7E-4</frequency></word><word><name>doubt</name><frequency>8.7E-4</frequency></word><word><name>thank</name><frequency>0.00142</frequency></word><word><name>goals</name><frequency>0.00153</frequency></word><word><name>discuss</name><frequency>0.00142</frequency></word><word><name>passenger</name><frequency>8.7E-4</frequency></word><word><name>reached</name><frequency>0.0012</frequency></word><word><name>implement</name><frequency>0.00109</frequency></word><word><name>reducing</name><frequency>9.8E-4</frequency></word><word><name>affect</name><frequency>0.00164</frequency></word><word><name>attracted</name><frequency>9.8E-4</frequency></word><word><name>agreement</name><frequency>0.00109</frequency></word><word><name>secret</name><frequency>8.7E-4</frequency></word><word><name>documentary</name><frequency>8.7E-4</frequency></word><word><name>doors</name><frequency>8.7E-4</frequency></word><word><name>increases</name><frequency>7.6E-4</frequency></word><word><name>increased</name><frequency>0.00131</frequency></word><word><name>learn</name><frequency>0.00164</frequency></word><word><name>leads</name><frequency>8.7E-4</frequency></word><word><name>opposite</name><frequency>7.6E-4</frequency></word><word><name>treasurer</name><frequency>8.7E-4</frequency></word><word><name>approximately</name><frequency>0.00153</frequency></word><word><name>charity</name><frequency>0.0012</frequency></word><word><name>includes</name><frequency>0.00142</frequency></word><word><name>included</name><frequency>9.8E-4</frequency></word><word><name>required</name><frequency>0.00164</frequency></word><word><name>charged</name><frequency>0.00142</frequency></word><word><name>moon</name><frequency>0.00164</frequency></word><word><name>kinds</name><frequency>7.6E-4</frequency></word><word><name>release</name><frequency>8.7E-4</frequency></word><word><name>kills</name><frequency>7.6E-4</frequency></word><word><name>ministry</name><frequency>0.0012</frequency></word><word><name>understanding</name><frequency>0.0012</frequency></word><word><name>burned</name><frequency>9.8E-4</frequency></word><word><name>boston</name><frequency>9.8E-4</frequency></word><word><name>charge</name><frequency>0.0012</frequency></word><word><name>showed</name><frequency>0.00109</frequency></word><word><name>drinking</name><frequency>7.6E-4</frequency></word><word><name>necessary</name><frequency>0.00142</frequency></word><word><name>above</name><frequency>9.8E-4</frequency></word><word><name>mind</name><frequency>9.8E-4</frequency></word><word><name>mike</name><frequency>0.00109</frequency></word><word><name>projects</name><frequency>9.8E-4</frequency></word><word><name>warned</name><frequency>0.00153</frequency></word><word><name>followed</name><frequency>0.00109</frequency></word><word><name>setting</name><frequency>8.7E-4</frequency></word><word><name>chance</name><frequency>0.0012</frequency></word><word><name>queen</name><frequency>7.6E-4</frequency></word><word><name>launches</name><frequency>8.7E-4</frequency></word><word><name>performance</name><frequency>0.00131</frequency></word><word><name>mets</name><frequency>0.00109</frequency></word><word><name>achieve</name><frequency>0.00109</frequency></word><word><name>develop</name><frequency>0.00131</frequency></word><word><name>require</name><frequency>7.6E-4</frequency></word><word><name>infrastructure</name><frequency>0.00153</frequency></word><word><name>message</name><frequency>0.00131</frequency></word><word><name>burden</name><frequency>8.7E-4</frequency></word><word><name>speaks</name><frequency>8.7E-4</frequency></word><word><name>mark</name><frequency>0.0012</frequency></word><word><name>mall</name><frequency>7.6E-4</frequency></word><word><name>male</name><frequency>7.6E-4</frequency></word><word><name>presentation</name><frequency>8.7E-4</frequency></word><word><name>remove</name><frequency>0.00153</frequency></word><word><name>ferry</name><frequency>8.7E-4</frequency></word><word><name>ordered</name><frequency>0.00131</frequency></word><word><name>spread</name><frequency>7.6E-4</frequency></word><word><name>completed</name><frequency>9.8E-4</frequency></word><word><name>consider</name><frequency>0.00142</frequency></word><word><name>client</name><frequency>0.0012</frequency></word><word><name>additional</name><frequency>0.0012</frequency></word><word><name>bigger</name><frequency>0.00131</frequency></word><word><name>appears</name><frequency>8.7E-4</frequency></word><word><name>appointed</name><frequency>9.8E-4</frequency></word><word><name>custody</name><frequency>0.00142</frequency></word><word><name>average</name><frequency>0.00131</frequency></word><word><name>belief</name><frequency>9.8E-4</frequency></word><word><name>society</name><frequency>0.00109</frequency></word><word><name>operating</name><frequency>8.7E-4</frequency></word><word><name>watched</name><frequency>7.6E-4</frequency></word><word><name>representatives</name><frequency>9.8E-4</frequency></word><word><name>front</name><frequency>0.00164</frequency></word><word><name>premier</name><frequency>0.0012</frequency></word><word><name>plays</name><frequency>0.0012</frequency></word><word><name>plans</name><frequency>9.8E-4</frequency></word><word><name>document</name><frequency>0.0012</frequency></word><word><name>county</name><frequency>8.7E-4</frequency></word><word><name>kicked</name><frequency>8.7E-4</frequency></word><word><name>centre</name><frequency>0.0012</frequency></word><word><name>museum</name><frequency>8.7E-4</frequency></word><word><name>feels</name><frequency>0.0012</frequency></word><word><name>breast</name><frequency>0.00164</frequency></word><word><name>remain</name><frequency>0.00131</frequency></word><word><name>deployment</name><frequency>7.6E-4</frequency></word><word><name>domestic</name><frequency>0.0012</frequency></word><word><name>moments</name><frequency>0.00109</frequency></word><word><name>scientists</name><frequency>8.7E-4</frequency></word><word><name>soviet</name><frequency>7.6E-4</frequency></word><word><name>lose</name><frequency>0.0012</frequency></word><word><name>capital</name><frequency>0.00109</frequency></word><word><name>difference</name><frequency>0.00142</frequency></word><word><name>specifically</name><frequency>8.7E-4</frequency></word><word><name>afraid</name><frequency>0.00142</frequency></word><word><name>liberals</name><frequency>9.8E-4</frequency></word><word><name>martin</name><frequency>0.0012</frequency></word><word><name>describe</name><frequency>0.0012</frequency></word><word><name>royal</name><frequency>7.6E-4</frequency></word><word><name>stadium</name><frequency>7.6E-4</frequency></word><word><name>programs</name><frequency>0.0012</frequency></word><word><name>replace</name><frequency>7.6E-4</frequency></word><word><name>ocean</name><frequency>7.6E-4</frequency></word><word><name>budget</name><frequency>0.00153</frequency></word><word><name>organizers</name><frequency>9.8E-4</frequency></word><word><name>amazing</name><frequency>0.00131</frequency></word><word><name>line</name><frequency>0.00142</frequency></word><word><name>applications</name><frequency>0.0012</frequency></word><word><name>cruel</name><frequency>7.6E-4</frequency></word><word><name>generation</name><frequency>8.7E-4</frequency></word><word><name>frank</name><frequency>0.00164</frequency></word><word><name>ending</name><frequency>0.00164</frequency></word><word><name>suspect</name><frequency>8.7E-4</frequency></word><word><name>driver</name><frequency>7.6E-4</frequency></word><word><name>accepted</name><frequency>0.00142</frequency></word><word><name>quotes</name><frequency>7.6E-4</frequency></word><word><name>sources</name><frequency>0.0012</frequency></word><word><name>obviously</name><frequency>9.8E-4</frequency></word><word><name>leaving</name><frequency>0.00131</frequency></word><word><name>crowd</name><frequency>8.7E-4</frequency></word><word><name>disagree</name><frequency>8.7E-4</frequency></word><word><name>cross</name><frequency>8.7E-4</frequency></word><word><name>legislature</name><frequency>9.8E-4</frequency></word><word><name>express</name><frequency>7.6E-4</frequency></word><word><name>showing</name><frequency>7.6E-4</frequency></word><word><name>option</name><frequency>7.6E-4</frequency></word><word><name>laws</name><frequency>7.6E-4</frequency></word><word><name>roman</name><frequency>0.00131</frequency></word><word><name>yesterday</name><frequency>0.0012</frequency></word><word><name>land</name><frequency>0.00142</frequency></word><word><name>lady</name><frequency>8.7E-4</frequency></word><word><name>estimated</name><frequency>7.6E-4</frequency></word><word><name>administration</name><frequency>8.7E-4</frequency></word><word><name>politicians</name><frequency>0.00142</frequency></word><word><name>relationship</name><frequency>0.00131</frequency></word><word><name>nature</name><frequency>0.00153</frequency></word><word><name>depends</name><frequency>0.0012</frequency></word><word><name>intelligence</name><frequency>8.7E-4</frequency></word><word><name>decide</name><frequency>8.7E-4</frequency></word><word><name>learning</name><frequency>8.7E-4</frequency></word><word><name>crime</name><frequency>0.0012</frequency></word><word><name>receive</name><frequency>0.00153</frequency></word><word><name>smaller</name><frequency>0.0012</frequency></word><word><name>border</name><frequency>0.00142</frequency></word><word><name>famous</name><frequency>9.8E-4</frequency></word><word><name>independence</name><frequency>8.7E-4</frequency></word><word><name>effectively</name><frequency>8.7E-4</frequency></word><word><name>continued</name><frequency>0.00109</frequency></word><word><name>embassy</name><frequency>0.0012</frequency></word><word><name>proposed</name><frequency>0.00142</frequency></word><word><name>birth</name><frequency>9.8E-4</frequency></word><word><name>event</name><frequency>0.00142</frequency></word><word><name>decline</name><frequency>9.8E-4</frequency></word><word><name>watching</name><frequency>0.00153</frequency></word><word><name>search</name><frequency>7.6E-4</frequency></word><word><name>possibly</name><frequency>7.6E-4</frequency></word><word><name>wrong</name><frequency>0.00131</frequency></word><word><name>declared</name><frequency>0.00109</frequency></word><word><name>legislation</name><frequency>0.00164</frequency></word><word><name>significant</name><frequency>7.6E-4</frequency></word><word><name>airport</name><frequency>0.00109</frequency></word><word><name>improve</name><frequency>0.00131</frequency></word><word><name>sounds</name><frequency>8.7E-4</frequency></word><word><name>crazy</name><frequency>9.8E-4</frequency></word><word><name>cultural</name><frequency>7.6E-4</frequency></word><word><name>weeks</name><frequency>0.00164</frequency></word><word><name>texas</name><frequency>9.8E-4</frequency></word><word><name>parliamentary</name><frequency>0.00109</frequency></word><word><name>native</name><frequency>9.8E-4</frequency></word><word><name>nation</name><frequency>0.00109</frequency></word><word><name>raven</name><frequency>7.6E-4</frequency></word><word><name>placed</name><frequency>0.0012</frequency></word><word><name>entitled</name><frequency>8.7E-4</frequency></word><word><name>magnitude</name><frequency>9.8E-4</frequency></word><word><name>defending</name><frequency>0.00142</frequency></word><word><name>confirmed</name><frequency>0.00109</frequency></word><word><name>rates</name><frequency>0.00142</frequency></word><word><name>touchdown</name><frequency>8.7E-4</frequency></word><word><name>ambassador</name><frequency>8.7E-4</frequency></word><word><name>pulled</name><frequency>8.7E-4</frequency></word><word><name>instead</name><frequency>0.00153</frequency></word><word><name>constitutional</name><frequency>0.00109</frequency></word><word><name>truth</name><frequency>9.8E-4</frequency></word><word><name>trust</name><frequency>0.0012</frequency></word><word><name>truly</name><frequency>8.7E-4</frequency></word><word><name>king</name><frequency>0.00142</frequency></word><word><name>kill</name><frequency>0.00153</frequency></word><word><name>senior</name><frequency>0.00142</frequency></word><word><name>range</name><frequency>0.00109</frequency></word><word><name>kick</name><frequency>9.8E-4</frequency></word><word><name>khan</name><frequency>0.00109</frequency></word><word><name>rally</name><frequency>9.8E-4</frequency></word><word><name>described</name><frequency>0.00164</frequency></word><word><name>growing</name><frequency>0.00109</frequency></word><word><name>bodies</name><frequency>9.8E-4</frequency></word><word><name>kept</name><frequency>0.00164</frequency></word><word><name>lower</name><frequency>0.00109</frequency></word><word><name>influence</name><frequency>0.00109</frequency></word><word><name>editor</name><frequency>9.8E-4</frequency></word><word><name>loved</name><frequency>0.00109</frequency></word><word><name>prosecution</name><frequency>8.7E-4</frequency></word><word><name>senate</name><frequency>0.00109</frequency></word><word><name>kingdom</name><frequency>0.00164</frequency></word><word><name>helped</name><frequency>0.00131</frequency></word><word><name>deliver</name><frequency>7.6E-4</frequency></word><word><name>video</name><frequency>0.00153</frequency></word><word><name>training</name><frequency>0.0012</frequency></word><word><name>radio</name><frequency>9.8E-4</frequency></word><word><name>construction</name><frequency>7.6E-4</frequency></word><word><name>tries</name><frequency>7.6E-4</frequency></word><word><name>tried</name><frequency>0.00164</frequency></word><word><name>career</name><frequency>0.00164</frequency></word><word><name>looks</name><frequency>0.00142</frequency></word><word><name>teams</name><frequency>0.00131</frequency></word><word><name>rising</name><frequency>7.6E-4</frequency></word><word><name>foundation</name><frequency>0.00164</frequency></word><word><name>carbon</name><frequency>7.6E-4</frequency></word><word><name>raising</name><frequency>0.0012</frequency></word><word><name>citizen</name><frequency>7.6E-4</frequency></word><word><name>encourage</name><frequency>7.6E-4</frequency></word><word><name>helping</name><frequency>0.00109</frequency></word><word><name>largest</name><frequency>0.0012</frequency></word><word><name>adopted</name><frequency>8.7E-4</frequency></word><word><name>reporter</name><frequency>0.00142</frequency></word><word><name>jury</name><frequency>9.8E-4</frequency></word><word><name>trait</name><frequency>9.8E-4</frequency></word><word><name>train</name><frequency>0.00131</frequency></word><word><name>track</name><frequency>7.6E-4</frequency></word><word><name>planned</name><frequency>8.7E-4</frequency></word><word><name>equipment</name><frequency>7.6E-4</frequency></word><word><name>voluntary</name><frequency>8.7E-4</frequency></word><word><name>imagine</name><frequency>0.00109</frequency></word><word><name>broadcast</name><frequency>8.7E-4</frequency></word><word><name>shuttle</name><frequency>9.8E-4</frequency></word><word><name>missed</name><frequency>9.8E-4</frequency></word><word><name>growth</name><frequency>0.0012</frequency></word><word><name>commented</name><frequency>9.8E-4</frequency></word><word><name>shortage</name><frequency>0.00109</frequency></word><word><name>conversation</name><frequency>0.00153</frequency></word><word><name>ground</name><frequency>0.00153</frequency></word><word><name>product</name><frequency>7.6E-4</frequency></word><word><name>join</name><frequency>8.7E-4</frequency></word><word><name>jobs</name><frequency>0.00153</frequency></word><word><name>advertising</name><frequency>0.00153</frequency></word><word><name>favorite</name><frequency>0.00164</frequency></word><word><name>sports</name><frequency>0.00131</frequency></word><word><name>teacher</name><frequency>8.7E-4</frequency></word><word><name>walking</name><frequency>0.00142</frequency></word><word><name>sides</name><frequency>8.7E-4</frequency></word><word><name>exclusion</name><frequency>7.6E-4</frequency></word><word><name>web</name><frequency>0.00109</frequency></word><word><name>maintain</name><frequency>0.0012</frequency></word><word><name>build</name><frequency>0.0012</frequency></word><word><name>colleagues</name><frequency>7.6E-4</frequency></word><word><name>massive</name><frequency>0.0012</frequency></word><word><name>deaths</name><frequency>0.0012</frequency></word><word><name>cities</name><frequency>0.0012</frequency></word><word><name>sox</name><frequency>0.0012</frequency></word><word><name>son</name><frequency>0.0012</frequency></word><word><name>shooting</name><frequency>0.00109</frequency></word><word><name>sit</name><frequency>0.00142</frequency></word><word><name>opinion</name><frequency>0.00153</frequency></word><word><name>accept</name><frequency>0.00131</frequency></word><word><name>sat</name><frequency>0.0012</frequency></word><word><name>sam</name><frequency>9.8E-4</frequency></word><word><name>sad</name><frequency>8.7E-4</frequency></word><word><name>institute</name><frequency>0.00142</frequency></word><word><name>ran</name><frequency>0.0012</frequency></word><word><name>spoken</name><frequency>9.8E-4</frequency></word><word><name>credit</name><frequency>8.7E-4</frequency></word><word><name>wish</name><frequency>0.00153</frequency></word><word><name>wing</name><frequency>8.7E-4</frequency></word><word><name>measure</name><frequency>7.6E-4</frequency></word><word><name>considering</name><frequency>7.6E-4</frequency></word><word><name>institution</name><frequency>0.00109</frequency></word><word><name>missiles</name><frequency>0.00153</frequency></word><word><name>whom</name><frequency>9.8E-4</frequency></word><word><name>mailing</name><frequency>7.6E-4</frequency></word><word><name>nor</name><frequency>0.00109</frequency></word><word><name>introduced</name><frequency>0.00131</frequency></word><word><name>related</name><frequency>0.00164</frequency></word><word><name>low</name><frequency>0.00109</frequency></word><word><name>los</name><frequency>0.00142</frequency></word><word><name>leg</name><frequency>7.6E-4</frequency></word><word><name>taxation</name><frequency>7.6E-4</frequency></word><word><name>wear</name><frequency>7.6E-4</frequency></word><word><name>kid</name><frequency>9.8E-4</frequency></word><word><name>key</name><frequency>0.0012</frequency></word><word><name>calling</name><frequency>0.00153</frequency></word><word><name>prepared</name><frequency>8.7E-4</frequency></word><word><name>joe</name><frequency>9.8E-4</frequency></word><word><name>ultimately</name><frequency>8.7E-4</frequency></word><word><name>ice</name><frequency>9.8E-4</frequency></word><word><name>finish</name><frequency>0.00131</frequency></word><word><name>stopped</name><frequency>0.00164</frequency></word><word><name>account</name><frequency>7.6E-4</frequency></word><word><name>wars</name><frequency>8.7E-4</frequency></word><word><name>walk</name><frequency>8.7E-4</frequency></word><word><name>wait</name><frequency>8.7E-4</frequency></word><word><name>separate</name><frequency>0.00109</frequency></word><word><name>respected</name><frequency>7.6E-4</frequency></word><word><name>fun</name><frequency>0.00109</frequency></word><word><name>forms</name><frequency>8.7E-4</frequency></word><word><name>piece</name><frequency>0.00153</frequency></word><word><name>gravel</name><frequency>0.00109</frequency></word><word><name>eat</name><frequency>0.0012</frequency></word><word><name>shots</name><frequency>0.0012</frequency></word><word><name>don</name><frequency>7.6E-4</frequency></word><word><name>die</name><frequency>0.00142</frequency></word><word><name>double</name><frequency>8.7E-4</frequency></word><word><name>dan</name><frequency>0.00164</frequency></word><word><name>period</name><frequency>0.00164</frequency></word><word><name>ourselves</name><frequency>7.6E-4</frequency></word><word><name>broken</name><frequency>0.00142</frequency></word><word><name>bus</name><frequency>0.00131</frequency></word><word><name>boy</name><frequency>0.00131</frequency></word><word><name>bob</name><frequency>0.00164</frequency></word><word><name>realize</name><frequency>0.00164</frequency></word><word><name>impose</name><frequency>7.6E-4</frequency></word><word><name>bin</name><frequency>0.00142</frequency></word><word><name>bid</name><frequency>9.8E-4</frequency></word><word><name>bed</name><frequency>0.00131</frequency></word><word><name>bay</name><frequency>7.6E-4</frequency></word><word><name>ban</name><frequency>8.7E-4</frequency></word><word><name>signed</name><frequency>0.00131</frequency></word><word><name>age</name><frequency>0.00142</frequency></word><word><name>add</name><frequency>9.8E-4</frequency></word><word><name>abortion</name><frequency>0.00109</frequency></word><word><name>modern</name><frequency>8.7E-4</frequency></word><word><name>occurred</name><frequency>0.00131</frequency></word><word><name>mainstream</name><frequency>8.7E-4</frequency></word><word><name>quickly</name><frequency>0.00109</frequency></word><word><name>approved</name><frequency>8.7E-4</frequency></word><word><name>greater</name><frequency>0.0012</frequency></word><word><name>software</name><frequency>7.6E-4</frequency></word><word><name>congressional</name><frequency>0.00109</frequency></word><word><name>network</name><frequency>9.8E-4</frequency></word><word><name>primarily</name><frequency>8.7E-4</frequency></word><word><name>transportation</name><frequency>8.7E-4</frequency></word><word><name>widely</name><frequency>7.6E-4</frequency></word><word><name>wearing</name><frequency>8.7E-4</frequency></word><word><name>miles</name><frequency>0.00109</frequency></word><word><name>governor</name><frequency>0.00153</frequency></word><word><name>solution</name><frequency>7.6E-4</frequency></word><word><name>chances</name><frequency>0.0012</frequency></word><word><name>brazil</name><frequency>8.7E-4</frequency></word><word><name>noticed</name><frequency>9.8E-4</frequency></word><word><name>believes</name><frequency>0.0012</frequency></word><word><name>focus</name><frequency>0.0012</frequency></word><word><name>cover</name><frequency>9.8E-4</frequency></word><word><name>healthy</name><frequency>7.6E-4</frequency></word><word><name>entirely</name><frequency>8.7E-4</frequency></word><word><name>joined</name><frequency>8.7E-4</frequency></word><word><name>share</name><frequency>0.00164</frequency></word><word><name>shape</name><frequency>9.8E-4</frequency></word><word><name>weight</name><frequency>9.8E-4</frequency></word><word><name>sugar</name><frequency>0.00142</frequency></word><word><name>costs</name><frequency>8.7E-4</frequency></word><word><name>standing</name><frequency>0.0012</frequency></word><word><name>various</name><frequency>0.0012</frequency></word><word><name>results</name><frequency>9.8E-4</frequency></word><word><name>propose</name><frequency>0.00109</frequency></word><word><name>phone</name><frequency>0.00142</frequency></word><word><name>traveled</name><frequency>8.7E-4</frequency></word><word><name>highest</name><frequency>0.00164</frequency></word><word><name>involving</name><frequency>8.7E-4</frequency></word><word><name>comet</name><frequency>0.00142</frequency></word><word><name>standard</name><frequency>9.8E-4</frequency></word><word><name>exhibition</name><frequency>0.0012</frequency></word><word><name>records</name><frequency>0.00109</frequency></word><word><name>photovoltaic</name><frequency>9.8E-4</frequency></word><word><name>millions</name><frequency>7.6E-4</frequency></word><word><name>illegal</name><frequency>7.6E-4</frequency></word><word><name>approach</name><frequency>0.00131</frequency></word><word><name>worth</name><frequency>0.0012</frequency></word><word><name>worst</name><frequency>9.8E-4</frequency></word><word><name>partnership</name><frequency>8.7E-4</frequency></word><word><name>works</name><frequency>0.00109</frequency></word><word><name>words</name><frequency>0.00109</frequency></word><word><name>false</name><frequency>0.00109</frequency></word><word><name>manager</name><frequency>0.00131</frequency></word><word><name>imposed</name><frequency>8.7E-4</frequency></word><word><name>operate</name><frequency>7.6E-4</frequency></word><word><name>hospital</name><frequency>0.0012</frequency></word><word><name>criminal</name><frequency>0.00131</frequency></word><word><name>revolution</name><frequency>0.0012</frequency></word><word><name>runway</name><frequency>9.8E-4</frequency></word><word><name>huge</name><frequency>0.00131</frequency></word><word><name>coast</name><frequency>0.00164</frequency></word><word><name>announces</name><frequency>9.8E-4</frequency></word><word><name>review</name><frequency>0.00109</frequency></word><word><name>production</name><frequency>0.00142</frequency></word><word><name>savings</name><frequency>0.0012</frequency></word><word><name>committee</name><frequency>0.00142</frequency></word><word><name>committed</name><frequency>9.8E-4</frequency></word><word><name>storm</name><frequency>8.7E-4</frequency></word><word><name>store</name><frequency>7.6E-4</frequency></word><word><name>dressed</name><frequency>8.7E-4</frequency></word><word><name>networking</name><frequency>0.00131</frequency></word><word><name>rangers</name><frequency>8.7E-4</frequency></word><word><name>hour</name><frequency>8.7E-4</frequency></word><word><name>hold</name><frequency>0.00164</frequency></word><word><name>population</name><frequency>9.8E-4</frequency></word><word><name>unacceptable</name><frequency>7.6E-4</frequency></word><word><name>arrived</name><frequency>0.00109</frequency></word><word><name>heavy</name><frequency>0.00131</frequency></word><word><name>heart</name><frequency>0.00109</frequency></word><word><name>neither</name><frequency>9.8E-4</frequency></word><word><name>uses</name><frequency>7.6E-4</frequency></word><word><name>cards</name><frequency>7.6E-4</frequency></word><word><name>reaction</name><frequency>8.7E-4</frequency></word><word><name>amendment</name><frequency>0.00131</frequency></word><word><name>supporting</name><frequency>0.00109</frequency></word><word><name>tough</name><frequency>0.00153</frequency></word><word><name>thousand</name><frequency>0.00131</frequency></word><word><name>ethanol</name><frequency>9.8E-4</frequency></word><word><name>hire</name><frequency>0.00131</frequency></word><word><name>possibility</name><frequency>0.0012</frequency></word><word><name>spokesperson</name><frequency>0.0012</frequency></word><word><name>total</name><frequency>0.00131</frequency></word><word><name>flying</name><frequency>0.00153</frequency></word><word><name>learned</name><frequency>0.00109</frequency></word><word><name>oppose</name><frequency>9.8E-4</frequency></word><word><name>wonderful</name><frequency>8.7E-4</frequency></word><word><name>steps</name><frequency>9.8E-4</frequency></word><word><name>error</name><frequency>0.00153</frequency></word><word><name>players</name><frequency>0.00142</frequency></word><word><name>welfare</name><frequency>7.6E-4</frequency></word><word><name>hell</name><frequency>8.7E-4</frequency></word><word><name>finished</name><frequency>0.0012</frequency></word><word><name>topic</name><frequency>8.7E-4</frequency></word><word><name>allows</name><frequency>0.00142</frequency></word><word><name>typical</name><frequency>0.00164</frequency></word><word><name>basically</name><frequency>9.8E-4</frequency></word><word><name>stopping</name><frequency>7.6E-4</frequency></word><word><name>quality</name><frequency>0.00131</frequency></word><word><name>himself</name><frequency>0.00164</frequency></word><word><name>staff</name><frequency>7.6E-4</frequency></word><word><name>selling</name><frequency>7.6E-4</frequency></word><word><name>musician</name><frequency>7.6E-4</frequency></word><word><name>online</name><frequency>0.0012</frequency></word><word><name>hate</name><frequency>7.6E-4</frequency></word><word><name>prison</name><frequency>0.00142</frequency></word><word><name>hand</name><frequency>0.00153</frequency></word><word><name>hall</name><frequency>8.7E-4</frequency></word><word><name>hair</name><frequency>0.00109</frequency></word><word><name>resources</name><frequency>0.00153</frequency></word><word><name>comfortable</name><frequency>7.6E-4</frequency></word><word><name>organizations</name><frequency>0.00153</frequency></word><word><name>conscious</name><frequency>7.6E-4</frequency></word><word><name>injuries</name><frequency>7.6E-4</frequency></word><word><name>assume</name><frequency>0.0012</frequency></word><word><name>portion</name><frequency>7.6E-4</frequency></word><word><name>correct</name><frequency>8.7E-4</frequency></word><word><name>image</name><frequency>0.00164</frequency></word><word><name>perhaps</name><frequency>8.7E-4</frequency></word><word><name>doctors</name><frequency>8.7E-4</frequency></word><word><name>everyone</name><frequency>0.00131</frequency></word><word><name>claimed</name><frequency>7.6E-4</frequency></word><word><name>attract</name><frequency>7.6E-4</frequency></word><word><name>mobile</name><frequency>8.7E-4</frequency></word><word><name>discovery</name><frequency>8.7E-4</frequency></word><word><name>threatening</name><frequency>9.8E-4</frequency></word><word><name>celebrity</name><frequency>8.7E-4</frequency></word><word><name>type</name><frequency>9.8E-4</frequency></word><word><name>attacked</name><frequency>9.8E-4</frequency></word><word><name>weapons</name><frequency>0.00131</frequency></word><word><name>below</name><frequency>0.00131</frequency></word><word><name>grow</name><frequency>0.0012</frequency></word><word><name>grew</name><frequency>9.8E-4</frequency></word><word><name>expressed</name><frequency>7.6E-4</frequency></word><word><name>championship</name><frequency>0.00164</frequency></word><word><name>prices</name><frequency>0.0012</frequency></word><word><name>brown</name><frequency>0.0012</frequency></word><word><name>broke</name><frequency>0.0012</frequency></word><word><name>gone</name><frequency>0.0012</frequency></word><word><name>turn</name><frequency>0.00153</frequency></word><word><name>gold</name><frequency>0.00131</frequency></word><word><name>anniversary</name><frequency>7.6E-4</frequency></word><word><name>award</name><frequency>0.00109</frequency></word><word><name>planning</name><frequency>9.8E-4</frequency></word><word><name>begin</name><frequency>0.00142</frequency></word><word><name>treated</name><frequency>0.00131</frequency></word><word><name>shortly</name><frequency>9.8E-4</frequency></word><word><name>handle</name><frequency>0.0012</frequency></word><word><name>corporations</name><frequency>7.6E-4</frequency></word><word><name>principle</name><frequency>0.0012</frequency></word><word><name>glad</name><frequency>7.6E-4</frequency></word><word><name>explained</name><frequency>7.6E-4</frequency></word><word><name>manufacturing</name><frequency>8.7E-4</frequency></word><word><name>judge</name><frequency>7.6E-4</frequency></word><word><name>compared</name><frequency>0.00131</frequency></word><word><name>picture</name><frequency>9.8E-4</frequency></word><word><name>leading</name><frequency>0.00142</frequency></word><word><name>tour</name><frequency>0.00131</frequency></word><word><name>tory</name><frequency>0.00131</frequency></word><word><name>tony</name><frequency>9.8E-4</frequency></word><word><name>equal</name><frequency>0.00131</frequency></word><word><name>hundred</name><frequency>9.8E-4</frequency></word><word><name>square</name><frequency>9.8E-4</frequency></word><word><name>culture</name><frequency>0.00142</frequency></word><word><name>leaders</name><frequency>0.00164</frequency></word><word><name>gets</name><frequency>0.00164</frequency></word><word><name>break</name><frequency>0.00164</frequency></word><word><name>allowing</name><frequency>0.0012</frequency></word><word><name>protections</name><frequency>7.6E-4</frequency></word><word><name>strongly</name><frequency>0.0012</frequency></word><word><name>gain</name><frequency>8.7E-4</frequency></word><word><name>stronger</name><frequency>8.7E-4</frequency></word><word><name>buying</name><frequency>8.7E-4</frequency></word><word><name>protests</name><frequency>9.8E-4</frequency></word><word><name>return</name><frequency>0.00109</frequency></word><word><name>test</name><frequency>0.0012</frequency></word><word><name>term</name><frequency>0.00164</frequency></word><word><name>tend</name><frequency>9.8E-4</frequency></word><word><name>achieved</name><frequency>7.6E-4</frequency></word><word><name>church</name><frequency>0.00131</frequency></word><word><name>educational</name><frequency>0.00142</frequency></word><word><name>avoid</name><frequency>8.7E-4</frequency></word><word><name>trouble</name><frequency>0.00142</frequency></word><word><name>months</name><frequency>0.00142</frequency></word><word><name>whereas</name><frequency>8.7E-4</frequency></word><word><name>visited</name><frequency>8.7E-4</frequency></word><word><name>established</name><frequency>9.8E-4</frequency></word><word><name>serve</name><frequency>0.0012</frequency></word><word><name>taco</name><frequency>9.8E-4</frequency></word><word><name>discovered</name><frequency>0.00109</frequency></word><word><name>region</name><frequency>9.8E-4</frequency></word><word><name>developing</name><frequency>8.7E-4</frequency></word><word><name>bomber</name><frequency>8.7E-4</frequency></word><word><name>shield</name><frequency>0.00109</frequency></word><word><name>regular</name><frequency>0.00109</frequency></word><word><name>invest</name><frequency>7.6E-4</frequency></word><word><name>fund</name><frequency>0.00164</frequency></word><word><name>airlines</name><frequency>7.6E-4</frequency></word><word><name>fuel</name><frequency>0.00131</frequency></word><word><name>lawsuit</name><frequency>0.0012</frequency></word><word><name>typically</name><frequency>8.7E-4</frequency></word><word><name>dutch</name><frequency>0.00153</frequency></word><word><name>reportedly</name><frequency>0.00109</frequency></word><word><name>regard</name><frequency>0.00109</frequency></word><word><name>scoring</name><frequency>9.8E-4</frequency></word><word><name>provides</name><frequency>9.8E-4</frequency></word><word><name>provided</name><frequency>0.00153</frequency></word><word><name>corporate</name><frequency>0.00109</frequency></word><word><name>treaty</name><frequency>0.0012</frequency></word><word><name>interstate</name><frequency>7.6E-4</frequency></word><word><name>un</name><frequency>0.00109</frequency></word><word><name>oh</name><frequency>9.8E-4</frequency></word><word><name>de</name><frequency>0.00153</frequency></word><word><name>al</name><frequency>9.8E-4</frequency></word><word><name>suit</name><frequency>7.6E-4</frequency></word><word><name>step</name><frequency>0.00131</frequency></word><word><name>star</name><frequency>0.0012</frequency></word><word><name>island</name><frequency>9.8E-4</frequency></word><word><name>resulting</name><frequency>8.7E-4</frequency></word><word><name>remarked</name><frequency>0.00131</frequency></word><word><name>flew</name><frequency>9.8E-4</frequency></word></words>
