<?xml version='1.0'?>
<!DOCTYPE errors SYSTEM "errors.dtd">
<errors>
	<error>
		<code>1</code>
		<message>Verify that you are connected to Internet</message>
	</error>
	<error>
		<code>2</code>
		<message>The specified Web Browser is not found</message>
	</error>
	<error>
		<code>3</code>
		<message>The Dictionary file is not found</message>
	</error>
	<error>
		<code>4</code>
		<message>Problems loading files</message>
	</error>
	<error>
		<code>5</code>
		<message>Invalid XML</message>
	</error>
	<error>
		<code>6</code>
		<message>Problem obtaining MAC address</message>
	</error>
	<error>
		<code>7</code>
		<message>You haven't got permission to create the file</message>
	</error>
	<error>
		<code>8</code>
		<message>The query made to Google is incorrect</message>
	</error>
</errors>
