<?xml version='1.0'?>
<!DOCTYPE resources SYSTEM "resources.dtd">
<resources>
	<file>files/1October2007.txt</file>
	<file>files/2October2007.txt</file>
	<file>files/3October2007.txt</file>
	<file>files/4October2007.txt</file>
	<file>files/9October2007.txt</file>
	<file>files/10October2007.txt</file>
	<file>files/11October2007.txt</file>
	<file>files/12October2007.txt</file>
	<file>files/13October2007.txt</file>
	<file>files/14October2007.txt</file>
	<file>files/15October2007.txt</file>
	<file>files/18October2007.txt</file>
	<file>files/19October2007.txt</file>
	<file>files/20October2007.txt</file>
	<file>files/21October2007.txt</file>
	<file>files/22October2007.txt</file>
	<file>files/23October2007.txt</file>
	<file>files/24October2007.txt</file>
	<file>files/25October2007.txt</file>
	<file>files/26October2007.txt</file>
	<file>files/27October2007.txt</file>
	<file>files/28October2007.txt</file>
	<file>files/29October2007.txt</file>
	<file>files/30October2007.txt</file>
	<file>files/31October2007.txt</file>
	<output>files/diccionario.xml</output>
	<wordsList>files/english.txt</wordsList>
	<epsilon>0.001</epsilon>
</resources>
